{"cameraMode":{"drawMode":0,"name":"Shaded","section":"Shading Mode"},"sceneLighting":true,"audioPlay":false,"sceneViewState":{"showFog":false,"showMaterialUpdate":false,"showSkybox":false,"showFlares":false,"showImageEffects":false,"showParticleSystems":true},"in2DMode":false,"pivot":{"x":-8.046497344970704,"y":8.046024322509766,"z":20.086307525634767},"rotation":{"x":-0.04587312042713165,"y":0.19707873463630677,"z":-0.009230857715010643,"w":-0.9792764782905579},"size":54.55805206298828,"orthographic":false}